"e_id","e_name","email_id","if_processed"
1001,"Max","Max@google.com",True
1002,"Sara","Sara@google.com",False
1003,"Mikey","Mikey@google.com",True
1004,"Heindrick","Heindrick@google.com",False
1005,"Gay","Gay@google.com",True
1006,"Louella","Louella@google.com",False
1007,"Gram","Gram@google.com",True
1008,"Shem","Shem@google.com",False
1009,"Saleem","Saleem@google.com",True
1010,"Jodee","Jodee@google.com",False
1011,"Ewen","Ewen@google.com",True
1012,"Berkeley","Berkeley@google.com",False
1013,"Phaidra","Phaidra@google.com",True
1014,"Michail","Michail@google.com",False
1015,"Alma","Alma@google.com",True
1016,"Roanna","Roanna@google.com",False
1017,"Alidia","Alidia@google.com",True
1018,"Rose","Rose@google.com",False
1019,"Dixie","Dixie@google.com",True
1020,"Shaw","Shaw@google.com",False
1021,"Sondra","Sondra@google.com",True
1022,"Ignazio","Ignazio@google.com",False
1023,"Lavinie","Lavinie@google.com",True
1024,"Cameron","Cameron@google.com",False
1025,"Aggie","Aggie@google.com",True
1026,"Cherri","Cherri@google.com",False
1027,"Kari","Kari@google.com",True
1028,"Linn","Linn@google.com",False
1029,"Lauraine","Lauraine@google.com",True
1030,"Phineas","Phineas@google.com",False
1031,"Ewart","Ewart@google.com",True
1032,"Gasparo","Gasparo@google.com",False
1033,"Maddy","Maddy@google.com",True
1034,"Lynea","Lynea@google.com",False
1035,"Edd","Edd@google.com",True
1036,"Nelia","Nelia@google.com",False
1037,"Malissa","Malissa@google.com",True
1038,"Edita","Edita@google.com",False
1039,"Lesli","Lesli@google.com",True
1040,"Johanna","Johanna@google.com",False
1041,"Fin","Fin@google.com",True
1042,"Allie","Allie@google.com",False
1043,"Bradley","Bradley@google.com",True
1044,"Vivian","Vivian@google.com",False
1045,"Vern","Vern@google.com",True
1046,"Adoree","Adoree@google.com",False
1047,"Matilde","Matilde@google.com",True
1048,"Lisa","Lisa@google.com",False
1049,"Isabella","Isabella@google.com",True
1050,"Margery","Margery@google.com",False
1051,"Lilllie","Lilllie@google.com",True
1052,"Karoly","Karoly@google.com",False
1053,"Freddy","Freddy@google.com",True
1054,"Otis","Otis@google.com",False
1055,"Hersh","Hersh@google.com",True
1056,"Bo","Bo@google.com",False
1057,"Tabbie","Tabbie@google.com",True
1058,"Susana","Susana@google.com",False
1059,"Debor","Debor@google.com",True
1060,"Aurelea","Aurelea@google.com",False
1061,"Katie","Katie@google.com",True
1062,"Kane","Kane@google.com",False
1063,"Hildagard","Hildagard@google.com",True
1064,"Giovanna","Giovanna@google.com",False
1065,"Darsie","Darsie@google.com",True
1066,"Sherwynd","Sherwynd@google.com",False
1067,"Enriqueta","Enriqueta@google.com",True
1068,"Vicky","Vicky@google.com",False
1069,"Lucia","Lucia@google.com",True
1070,"Karl","Karl@google.com",False
1071,"Kirsteni","Kirsteni@google.com",True
1072,"Yevette","Yevette@google.com",False
1073,"Kaylyn","Kaylyn@google.com",True
1074,"Valencia","Valencia@google.com",False
1075,"Aile","Aile@google.com",True
1076,"Freddy","Freddy@google.com",False
1077,"Giacobo","Giacobo@google.com",True
1078,"Blinnie","Blinnie@google.com",False
1079,"Mikel","Mikel@google.com",True
1080,"Carie","Carie@google.com",False
1081,"Seline","Seline@google.com",True
1082,"Farrell","Farrell@google.com",False
1083,"Wolfgang","Wolfgang@google.com",True
1084,"Jillane","Jillane@google.com",False
1085,"Wilbur","Wilbur@google.com",True
1086,"Ann-marie","Ann-marie@google.com",False
1087,"Gerald","Gerald@google.com",True
1088,"Ronica","Ronica@google.com",False
1089,"Sigismondo","Sigismondo@google.com",True
1090,"Timothee","Timothee@google.com",False
1091,"Carey","Carey@google.com",True
1092,"Kristal","Kristal@google.com",False
1093,"Cole","Cole@google.com",True
1094,"Erin","Erin@google.com",False
1095,"Augusto","Augusto@google.com",True
1096,"Ynes","Ynes@google.com",False
1097,"Suki","Suki@google.com",True
1098,"Samara","Samara@google.com",False
1099,"Scotty","Scotty@google.com",True
1100,"Dari","Dari@google.com",False
1101,"Jorie","Jorie@google.com",True
1102,"Wald","Wald@google.com",False
1103,"Kareem","Kareem@google.com",True
1104,"Cariotta","Cariotta@google.com",False
1105,"Reinhard","Reinhard@google.com",True
1106,"Isabelita","Isabelita@google.com",False
1107,"Perl","Perl@google.com",True
1108,"Dorie","Dorie@google.com",False
1109,"Sharon","Sharon@google.com",True
1110,"Barny","Barny@google.com",False
1111,"Amalle","Amalle@google.com",True
1112,"Karolina","Karolina@google.com",False
1113,"Romonda","Romonda@google.com",True
1114,"Merry","Merry@google.com",False
1115,"Caril","Caril@google.com",True
1116,"Ardene","Ardene@google.com",False
1117,"Rafaellle","Rafaellle@google.com",True
1118,"Puff","Puff@google.com",False
1119,"Lexy","Lexy@google.com",True
1120,"Milicent","Milicent@google.com",False
1121,"Mirabelle","Mirabelle@google.com",True
1122,"Emmaline","Emmaline@google.com",False
1123,"Titos","Titos@google.com",True
1124,"Ossie","Ossie@google.com",False
1125,"Michaelina","Michaelina@google.com",True
1126,"Terrie","Terrie@google.com",False
1127,"Garret","Garret@google.com",True
1128,"Brander","Brander@google.com",False
1129,"Renault","Renault@google.com",True
1130,"Foster","Foster@google.com",False
1131,"Quinn","Quinn@google.com",True
1132,"Karoly","Karoly@google.com",False
1133,"Max","Max@google.com",True
1134,"Frasier","Frasier@google.com",False
1135,"Brittni","Brittni@google.com",True
1136,"Row","Row@google.com",False
1137,"Sheri","Sheri@google.com",True
1138,"Katlin","Katlin@google.com",False
1139,"Rosina","Rosina@google.com",True
1140,"Cathleen","Cathleen@google.com",False
1141,"Rita","Rita@google.com",True
1142,"Burnard","Burnard@google.com",False
1143,"Maury","Maury@google.com",True
1144,"Jillayne","Jillayne@google.com",False
1145,"Lind","Lind@google.com",True
1146,"West","West@google.com",False
1147,"Lissi","Lissi@google.com",True
1148,"Sylvan","Sylvan@google.com",False
1149,"Sumner","Sumner@google.com",True
1150,"Sadye","Sadye@google.com",False
1151,"Sada","Sada@google.com",True
1152,"Helaina","Helaina@google.com",False
1153,"Cesare","Cesare@google.com",True
1154,"Gradeigh","Gradeigh@google.com",False
1155,"Tedra","Tedra@google.com",True
1156,"Lori","Lori@google.com",False
1157,"Ki","Ki@google.com",True
1158,"Monro","Monro@google.com",False
1159,"Way","Way@google.com",True
1160,"Reynold","Reynold@google.com",False
1161,"Yorgo","Yorgo@google.com",True
1162,"Hilliary","Hilliary@google.com",False
1163,"Della","Della@google.com",True
1164,"Dar","Dar@google.com",False
1165,"Phil","Phil@google.com",True
1166,"Oswell","Oswell@google.com",False
1167,"Rodolph","Rodolph@google.com",True
1168,"Lothaire","Lothaire@google.com",False
1169,"Bendix","Bendix@google.com",True
1170,"Tiffani","Tiffani@google.com",False
1171,"Ximenez","Ximenez@google.com",True
1172,"Crissie","Crissie@google.com",False
1173,"Charin","Charin@google.com",True
1174,"Kara-lynn","Kara-lynn@google.com",False
1175,"Joly","Joly@google.com",True
1176,"Ferdy","Ferdy@google.com",False
1177,"Dolley","Dolley@google.com",True
1178,"Orsola","Orsola@google.com",False
1179,"Wayne","Wayne@google.com",True
1180,"Phillip","Phillip@google.com",False
1181,"Helli","Helli@google.com",True
1182,"Gib","Gib@google.com",False
1183,"Harmonia","Harmonia@google.com",True
1184,"Kincaid","Kincaid@google.com",False
1185,"Loise","Loise@google.com",True
1186,"Vail","Vail@google.com",False
1187,"Nance","Nance@google.com",True
1188,"Keelia","Keelia@google.com",False
1189,"Phineas","Phineas@google.com",True
1190,"Marlow","Marlow@google.com",False
1191,"Red","Red@google.com",True
1192,"Leia","Leia@google.com",False
1193,"Jorrie","Jorrie@google.com",True
1194,"Lesly","Lesly@google.com",False
1195,"Hilda","Hilda@google.com",True
1196,"Cort","Cort@google.com",False
1197,"Arnaldo","Arnaldo@google.com",True
1198,"Bonnie","Bonnie@google.com",False
1199,"Ethelind","Ethelind@google.com",True
1200,"Harwell","Harwell@google.com",False
1201,"Dee","Dee@google.com",True
1202,"Douglas","Douglas@google.com",False
1203,"Clarissa","Clarissa@google.com",True
1204,"Dita","Dita@google.com",False
1205,"Langston","Langston@google.com",True
1206,"Tad","Tad@google.com",False
1207,"Constantin","Constantin@google.com",True
1208,"Rosemarie","Rosemarie@google.com",False
1209,"Lexi","Lexi@google.com",True
1210,"Julia","Julia@google.com",False
1211,"Ophelia","Ophelia@google.com",True
1212,"Delly","Delly@google.com",False
1213,"Saul","Saul@google.com",True
1214,"Darcy","Darcy@google.com",False
1215,"Amye","Amye@google.com",True
1216,"Ruthy","Ruthy@google.com",False
1217,"Nollie","Nollie@google.com",True
1218,"Zebedee","Zebedee@google.com",False
1219,"Lise","Lise@google.com",True
1220,"Fidelia","Fidelia@google.com",False
1221,"Lizzie","Lizzie@google.com",True
1222,"Lacy","Lacy@google.com",False
1223,"Ermentrude","Ermentrude@google.com",True
1224,"Linnell","Linnell@google.com",False
1225,"Johannah","Johannah@google.com",True
1226,"Brien","Brien@google.com",False
1227,"Joni","Joni@google.com",True
1228,"Demetria","Demetria@google.com",False
1229,"Corena","Corena@google.com",True
1230,"Inger","Inger@google.com",False
1231,"Erena","Erena@google.com",True
1232,"Rosco","Rosco@google.com",False
1233,"Veriee","Veriee@google.com",True
1234,"Gabriella","Gabriella@google.com",False
1235,"Fawn","Fawn@google.com",True
1236,"Heinrick","Heinrick@google.com",False
1237,"Mag","Mag@google.com",True
1238,"Tova","Tova@google.com",False
1239,"Kamilah","Kamilah@google.com",True
1240,"Griswold","Griswold@google.com",False
1241,"Anton","Anton@google.com",True
1242,"Zaria","Zaria@google.com",False
1243,"Harlen","Harlen@google.com",True
1244,"Ericka","Ericka@google.com",False
1245,"Nettle","Nettle@google.com",True
1246,"Korney","Korney@google.com",False
1247,"Alika","Alika@google.com",True
1248,"Sampson","Sampson@google.com",False
1249,"Herb","Herb@google.com",True
1250,"Peterus","Peterus@google.com",False
1251,"Virge","Virge@google.com",True
1252,"Terrence","Terrence@google.com",False
1253,"Wait","Wait@google.com",True
1254,"Olympia","Olympia@google.com",False
1255,"Rolland","Rolland@google.com",True
1256,"Karina","Karina@google.com",False
1257,"Maurita","Maurita@google.com",True
1258,"Margery","Margery@google.com",False
1259,"Cesar","Cesar@google.com",True
1260,"Chip","Chip@google.com",False
1261,"Hebert","Hebert@google.com",True
1262,"Emmeline","Emmeline@google.com",False
1263,"Maxine","Maxine@google.com",True
1264,"Lyda","Lyda@google.com",False
1265,"Nannette","Nannette@google.com",True
1266,"Haleigh","Haleigh@google.com",False
1267,"Shawna","Shawna@google.com",True
1268,"Paulie","Paulie@google.com",False
1269,"Josephine","Josephine@google.com",True
1270,"Amalle","Amalle@google.com",False
1271,"Ralina","Ralina@google.com",True
1272,"Emlynne","Emlynne@google.com",False
1273,"Jacinta","Jacinta@google.com",True
1274,"Doyle","Doyle@google.com",False
1275,"Elbert","Elbert@google.com",True
1276,"Shalna","Shalna@google.com",False
1277,"Gabey","Gabey@google.com",True
1278,"Aggie","Aggie@google.com",False
1279,"Jesse","Jesse@google.com",True
1280,"Meridith","Meridith@google.com",False
1281,"Johnny","Johnny@google.com",True
1282,"Reynold","Reynold@google.com",False
1283,"Marietta","Marietta@google.com",True
1284,"Maximo","Maximo@google.com",False
1285,"Alvira","Alvira@google.com",True
1286,"Hope","Hope@google.com",False
1287,"Adel","Adel@google.com",True
1288,"Kerry","Kerry@google.com",False
1289,"Sheila-kathryn","Sheila-kathryn@google.com",True
1290,"Percival","Percival@google.com",False
1291,"Chadd","Chadd@google.com",True
1292,"Horatia","Horatia@google.com",False
1293,"Roxane","Roxane@google.com",True
1294,"Alaster","Alaster@google.com",False
1295,"Charlene","Charlene@google.com",True
1296,"Nicolea","Nicolea@google.com",False
1297,"Nanny","Nanny@google.com",True
1298,"Traver","Traver@google.com",False
1299,"Base","Base@google.com",True
1300,"Katina","Katina@google.com",False
1301,"Mill","Mill@google.com",True
1302,"Roanna","Roanna@google.com",False
1303,"Matthew","Matthew@google.com",True
1304,"Faun","Faun@google.com",False
1305,"Rosamond","Rosamond@google.com",True
1306,"Maximilian","Maximilian@google.com",False
1307,"Melisenda","Melisenda@google.com",True
1308,"Montague","Montague@google.com",False
1309,"Robin","Robin@google.com",True
1310,"Adelheid","Adelheid@google.com",False
1311,"Cleve","Cleve@google.com",True
1312,"Tabbatha","Tabbatha@google.com",False
1313,"Timoteo","Timoteo@google.com",True
1314,"Jesse","Jesse@google.com",False
1315,"Adelle","Adelle@google.com",True
1316,"Berton","Berton@google.com",False
1317,"Ardyth","Ardyth@google.com",True
1318,"Abra","Abra@google.com",False
1319,"Bone","Bone@google.com",True
1320,"Christen","Christen@google.com",False
1321,"Kate","Kate@google.com",True
1322,"Michaela","Michaela@google.com",False
1323,"Marleen","Marleen@google.com",True
1324,"Marita","Marita@google.com",False
1325,"Ruthy","Ruthy@google.com",True
1326,"Sid","Sid@google.com",False
1327,"Camile","Camile@google.com",True
1328,"Mickey","Mickey@google.com",False
1329,"Raimundo","Raimundo@google.com",True
1330,"Karrah","Karrah@google.com",False
1331,"Robin","Robin@google.com",True
1332,"Margaret","Margaret@google.com",False
1333,"Ofella","Ofella@google.com",True
1334,"Leyla","Leyla@google.com",False
1335,"Shirline","Shirline@google.com",True
1336,"Ludovika","Ludovika@google.com",False
1337,"Kalie","Kalie@google.com",True
1338,"Trista","Trista@google.com",False
1339,"Somerset","Somerset@google.com",True
1340,"Imojean","Imojean@google.com",False
1341,"Karel","Karel@google.com",True
1342,"Lyell","Lyell@google.com",False
1343,"Gav","Gav@google.com",True
1344,"Bobinette","Bobinette@google.com",False
1345,"Donnajean","Donnajean@google.com",True
1346,"Celestina","Celestina@google.com",False
1347,"Helen-elizabeth","Helen-elizabeth@google.com",True
1348,"Odelle","Odelle@google.com",False
1349,"Augustine","Augustine@google.com",True
1350,"Nick","Nick@google.com",False
1351,"Anjanette","Anjanette@google.com",True
1352,"Rustie","Rustie@google.com",False
1353,"Karly","Karly@google.com",True
1354,"Dniren","Dniren@google.com",False
1355,"Fair","Fair@google.com",True
1356,"Steffane","Steffane@google.com",False
1357,"Gilberte","Gilberte@google.com",True
1358,"Ardelis","Ardelis@google.com",False
1359,"Michael","Michael@google.com",True
1360,"Dosi","Dosi@google.com",False
1361,"Tybalt","Tybalt@google.com",True
1362,"Cornall","Cornall@google.com",False
1363,"Vick","Vick@google.com",True
1364,"Emmye","Emmye@google.com",False
1365,"Justinn","Justinn@google.com",True
1366,"Demetrius","Demetrius@google.com",False
1367,"Lebbie","Lebbie@google.com",True
1368,"Francesca","Francesca@google.com",False
1369,"Irena","Irena@google.com",True
1370,"Bernetta","Bernetta@google.com",False
1371,"Ronica","Ronica@google.com",True
1372,"Dita","Dita@google.com",False
1373,"Farleigh","Farleigh@google.com",True
1374,"Carlee","Carlee@google.com",False
1375,"Chilton","Chilton@google.com",True
1376,"Corene","Corene@google.com",False
1377,"Sibel","Sibel@google.com",True
1378,"Flory","Flory@google.com",False
1379,"Emmalynn","Emmalynn@google.com",True
1380,"Brigitte","Brigitte@google.com",False
1381,"Jan","Jan@google.com",True
1382,"Giff","Giff@google.com",False
1383,"Armand","Armand@google.com",True
1384,"Kaylee","Kaylee@google.com",False
1385,"Emmott","Emmott@google.com",True
1386,"Wenona","Wenona@google.com",False
1387,"Zolly","Zolly@google.com",True
1388,"Marshall","Marshall@google.com",False
1389,"Hamnet","Hamnet@google.com",True
1390,"Isobel","Isobel@google.com",False
1391,"Sande","Sande@google.com",True
1392,"Thea","Thea@google.com",False
1393,"Sasha","Sasha@google.com",True
1394,"Agnes","Agnes@google.com",False
1395,"Courtenay","Courtenay@google.com",True
1396,"Ivor","Ivor@google.com",False
1397,"Briano","Briano@google.com",True
1398,"Dixie","Dixie@google.com",False
1399,"Glenden","Glenden@google.com",True
1400,"Barry","Barry@google.com",False
1401,"Rozalin","Rozalin@google.com",True
1402,"Sharai","Sharai@google.com",False
1403,"Bordie","Bordie@google.com",True
1404,"Heda","Heda@google.com",False
1405,"Silvan","Silvan@google.com",True
1406,"Sheilah","Sheilah@google.com",False
1407,"Isis","Isis@google.com",True
1408,"Lotty","Lotty@google.com",False
1409,"Trish","Trish@google.com",True
1410,"Aloysius","Aloysius@google.com",False
1411,"Reilly","Reilly@google.com",True
1412,"Kevin","Kevin@google.com",False
1413,"Delmore","Delmore@google.com",True
1414,"Lorna","Lorna@google.com",False
1415,"Pamelina","Pamelina@google.com",True
1416,"Cindra","Cindra@google.com",False
1417,"Manya","Manya@google.com",True
1418,"Magdalen","Magdalen@google.com",False
1419,"Lura","Lura@google.com",True
1420,"Garik","Garik@google.com",False
1421,"Janaya","Janaya@google.com",True
1422,"Rebekah","Rebekah@google.com",False
1423,"Erek","Erek@google.com",True
1424,"Tonya","Tonya@google.com",False
1425,"Warner","Warner@google.com",True
1426,"Yardley","Yardley@google.com",False
1427,"Scotti","Scotti@google.com",True
1428,"Arron","Arron@google.com",False
1429,"Kania","Kania@google.com",True
1430,"Georg","Georg@google.com",False
1431,"Lorita","Lorita@google.com",True
1432,"Evelina","Evelina@google.com",False
1433,"Eddy","Eddy@google.com",True
1434,"Malynda","Malynda@google.com",False
1435,"Harp","Harp@google.com",True
1436,"Caprice","Caprice@google.com",False
1437,"Sydney","Sydney@google.com",True
1438,"Augie","Augie@google.com",False
1439,"Waylon","Waylon@google.com",True
1440,"Victoria","Victoria@google.com",False
1441,"Wye","Wye@google.com",True
1442,"Steffi","Steffi@google.com",False
1443,"Suki","Suki@google.com",True
1444,"Carson","Carson@google.com",False
1445,"Fee","Fee@google.com",True
1446,"Yank","Yank@google.com",False
1447,"Nanete","Nanete@google.com",True
1448,"Rickie","Rickie@google.com",False
1449,"Ingeberg","Ingeberg@google.com",True
1450,"Ilse","Ilse@google.com",False
1451,"Lotte","Lotte@google.com",True
1452,"Klarrisa","Klarrisa@google.com",False
1453,"Tommi","Tommi@google.com",True
1454,"Ninon","Ninon@google.com",False
1455,"Frannie","Frannie@google.com",True
1456,"Kaylil","Kaylil@google.com",False
1457,"Aldwin","Aldwin@google.com",True
1458,"Yanaton","Yanaton@google.com",False
1459,"Agosto","Agosto@google.com",True
1460,"Anneliese","Anneliese@google.com",False
1461,"Rhys","Rhys@google.com",True
1462,"Harriott","Harriott@google.com",False
1463,"Caesar","Caesar@google.com",True
1464,"Pauly","Pauly@google.com",False
1465,"Rosalia","Rosalia@google.com",True
1466,"Doretta","Doretta@google.com",False
1467,"Clayton","Clayton@google.com",True
1468,"Farr","Farr@google.com",False
1469,"Gunilla","Gunilla@google.com",True
1470,"Tate","Tate@google.com",False
1471,"Lucia","Lucia@google.com",True
1472,"Taddeo","Taddeo@google.com",False
1473,"Mil","Mil@google.com",True
1474,"Tina","Tina@google.com",False
1475,"Kellen","Kellen@google.com",True
1476,"Odella","Odella@google.com",False
1477,"Moss","Moss@google.com",True
1478,"Janaya","Janaya@google.com",False
1479,"Lexi","Lexi@google.com",True
1480,"Nerta","Nerta@google.com",False
1481,"Gay","Gay@google.com",True
1482,"Nicki","Nicki@google.com",False
1483,"Morganica","Morganica@google.com",True
1484,"Angelia","Angelia@google.com",False
1485,"Hanson","Hanson@google.com",True
1486,"Jase","Jase@google.com",False
1487,"Georgena","Georgena@google.com",True
1488,"Garrott","Garrott@google.com",False
1489,"Gabie","Gabie@google.com",True
1490,"Faustina","Faustina@google.com",False
1491,"Conny","Conny@google.com",True
1492,"Gail","Gail@google.com",False
1493,"Clair","Clair@google.com",True
1494,"Sallie","Sallie@google.com",False
1495,"Tiffany","Tiffany@google.com",True
1496,"Ambrosi","Ambrosi@google.com",False
1497,"Minetta","Minetta@google.com",True
1498,"Emmalynne","Emmalynne@google.com",False
1499,"Terrie","Terrie@google.com",True
1500,"Valentine","Valentine@google.com",False
1501,"Sean","Sean@google.com",True
1502,"Derril","Derril@google.com",False
1503,"Charmane","Charmane@google.com",True
1504,"Ellissa","Ellissa@google.com",False
1505,"Maribelle","Maribelle@google.com",True
1506,"Clerkclaude","Clerkclaude@google.com",False
1507,"Bruno","Bruno@google.com",True
1508,"Benedetta","Benedetta@google.com",False
1509,"Corilla","Corilla@google.com",True
1510,"Pia","Pia@google.com",False
1511,"Catriona","Catriona@google.com",True
1512,"Bobby","Bobby@google.com",False
1513,"Derrek","Derrek@google.com",True
1514,"Alysia","Alysia@google.com",False
1515,"Dedra","Dedra@google.com",True
1516,"Liuka","Liuka@google.com",False
1517,"Loren","Loren@google.com",True
1518,"Danita","Danita@google.com",False
1519,"Madge","Madge@google.com",True
1520,"Margalit","Margalit@google.com",False
1521,"Doralin","Doralin@google.com",True
1522,"Angel","Angel@google.com",False
1523,"Umeko","Umeko@google.com",True
1524,"Viviyan","Viviyan@google.com",False
1525,"Alison","Alison@google.com",True
1526,"Sheryl","Sheryl@google.com",False
1527,"Tommy","Tommy@google.com",True
1528,"Saba","Saba@google.com",False
1529,"Gordie","Gordie@google.com",True
1530,"Emelyne","Emelyne@google.com",False
1531,"Karolina","Karolina@google.com",True
1532,"Alison","Alison@google.com",False
1533,"Falkner","Falkner@google.com",True
1534,"Dermot","Dermot@google.com",False
1535,"Correna","Correna@google.com",True
1536,"Diandra","Diandra@google.com",False
1537,"Harwilll","Harwilll@google.com",True
1538,"Ashlan","Ashlan@google.com",False
1539,"Marinna","Marinna@google.com",True
1540,"Farr","Farr@google.com",False
1541,"Karia","Karia@google.com",True
1542,"Gweneth","Gweneth@google.com",False
1543,"Debby","Debby@google.com",True
1544,"Lorenzo","Lorenzo@google.com",False
1545,"Daniel","Daniel@google.com",True
1546,"Coreen","Coreen@google.com",False
1547,"Moe","Moe@google.com",True
1548,"Jess","Jess@google.com",False
1549,"Renault","Renault@google.com",True
1550,"Tana","Tana@google.com",False
1551,"Halsy","Halsy@google.com",True
1552,"Maisey","Maisey@google.com",False
1553,"Linda","Linda@google.com",True
1554,"Nevile","Nevile@google.com",False
1555,"Rog","Rog@google.com",True
1556,"Winifred","Winifred@google.com",False
1557,"Nonah","Nonah@google.com",True
1558,"Kylie","Kylie@google.com",False
1559,"Boothe","Boothe@google.com",True
1560,"Hertha","Hertha@google.com",False
1561,"Isidor","Isidor@google.com",True
1562,"Kristian","Kristian@google.com",False
1563,"Breanne","Breanne@google.com",True
1564,"Becki","Becki@google.com",False
1565,"Jacinta","Jacinta@google.com",True
1566,"Gifford","Gifford@google.com",False
1567,"Kesley","Kesley@google.com",True
1568,"Sascha","Sascha@google.com",False
1569,"Dee","Dee@google.com",True
1570,"Ursa","Ursa@google.com",False
1571,"Catina","Catina@google.com",True
1572,"Claire","Claire@google.com",False
1573,"Sybyl","Sybyl@google.com",True
1574,"Blinni","Blinni@google.com",False
1575,"Vinnie","Vinnie@google.com",True
1576,"Dayna","Dayna@google.com",False
1577,"Tracey","Tracey@google.com",True
1578,"Ottilie","Ottilie@google.com",False
1579,"Frank","Frank@google.com",True
1580,"Berkly","Berkly@google.com",False
1581,"Colas","Colas@google.com",True
1582,"Gillie","Gillie@google.com",False
1583,"Pietro","Pietro@google.com",True
1584,"Heda","Heda@google.com",False
1585,"Packston","Packston@google.com",True
1586,"Esther","Esther@google.com",False
1587,"Etti","Etti@google.com",True
1588,"Martie","Martie@google.com",False
1589,"Brenden","Brenden@google.com",True
1590,"Anya","Anya@google.com",False
1591,"Benedicta","Benedicta@google.com",True
1592,"Hilton","Hilton@google.com",False
1593,"Carry","Carry@google.com",True
1594,"Brantley","Brantley@google.com",False
1595,"Alphonse","Alphonse@google.com",True
1596,"Hamlen","Hamlen@google.com",False
1597,"Read","Read@google.com",True
1598,"Zia","Zia@google.com",False
1599,"Torr","Torr@google.com",True
1600,"Waring","Waring@google.com",False
1601,"Patrizius","Patrizius@google.com",True
1602,"Roderick","Roderick@google.com",False
1603,"Maurise","Maurise@google.com",True
1604,"Maible","Maible@google.com",False
1605,"Leoine","Leoine@google.com",True
1606,"Yuma","Yuma@google.com",False
1607,"Ives","Ives@google.com",True
1608,"Kerrie","Kerrie@google.com",False
1609,"Carmelia","Carmelia@google.com",True
1610,"Judah","Judah@google.com",False
1611,"Teddie","Teddie@google.com",True
1612,"Adele","Adele@google.com",False
1613,"Dulce","Dulce@google.com",True
1614,"Elsy","Elsy@google.com",False
1615,"Laverna","Laverna@google.com",True
1616,"Ramsay","Ramsay@google.com",False
1617,"Fern","Fern@google.com",True
1618,"Mellicent","Mellicent@google.com",False
1619,"Zonnya","Zonnya@google.com",True
1620,"Yance","Yance@google.com",False
1621,"Tyne","Tyne@google.com",True
1622,"Elyse","Elyse@google.com",False
1623,"Astrid","Astrid@google.com",True
1624,"Harland","Harland@google.com",False
1625,"Brenden","Brenden@google.com",True
1626,"Deane","Deane@google.com",False
1627,"Jerome","Jerome@google.com",True
1628,"Townsend","Townsend@google.com",False
1629,"Jesselyn","Jesselyn@google.com",True
1630,"Hertha","Hertha@google.com",False
1631,"Conny","Conny@google.com",True
1632,"Jeremiah","Jeremiah@google.com",False
1633,"Kania","Kania@google.com",True
1634,"Fae","Fae@google.com",False
1635,"Jerry","Jerry@google.com",True
1636,"Shawna","Shawna@google.com",False
1637,"Cherish","Cherish@google.com",True
1638,"Gerome","Gerome@google.com",False
1639,"Rafi","Rafi@google.com",True
1640,"Barbara","Barbara@google.com",False
1641,"Clementina","Clementina@google.com",True
1642,"Roxine","Roxine@google.com",False
1643,"Elfie","Elfie@google.com",True
1644,"Johnath","Johnath@google.com",False
1645,"Weston","Weston@google.com",True
1646,"Barris","Barris@google.com",False
1647,"Anthe","Anthe@google.com",True
1648,"Irina","Irina@google.com",False
1649,"Erna","Erna@google.com",True
1650,"Yoko","Yoko@google.com",False
1651,"Audrie","Audrie@google.com",True
1652,"Robinetta","Robinetta@google.com",False
1653,"Perle","Perle@google.com",True
1654,"Celestia","Celestia@google.com",False
1655,"Elsey","Elsey@google.com",True
1656,"Cooper","Cooper@google.com",False
1657,"Leia","Leia@google.com",True
1658,"Jeralee","Jeralee@google.com",False
1659,"Charlie","Charlie@google.com",True
1660,"Randy","Randy@google.com",False
1661,"Gery","Gery@google.com",True
1662,"Kathryn","Kathryn@google.com",False
1663,"Jakob","Jakob@google.com",True
1664,"Harrie","Harrie@google.com",False
1665,"Howie","Howie@google.com",True
1666,"Angie","Angie@google.com",False
1667,"Elsi","Elsi@google.com",True
1668,"Maryjo","Maryjo@google.com",False
1669,"Corey","Corey@google.com",True
1670,"Shelden","Shelden@google.com",False
1671,"Beulah","Beulah@google.com",True
1672,"Rhody","Rhody@google.com",False
1673,"Fallon","Fallon@google.com",True
1674,"Roxie","Roxie@google.com",False
1675,"Bobbie","Bobbie@google.com",True
1676,"Silvie","Silvie@google.com",False
1677,"Gennie","Gennie@google.com",True
1678,"Blanch","Blanch@google.com",False
1679,"Shana","Shana@google.com",True
1680,"Brody","Brody@google.com",False
1681,"Teirtza","Teirtza@google.com",True
1682,"Shani","Shani@google.com",False
1683,"Darda","Darda@google.com",True
1684,"Rebeca","Rebeca@google.com",False
1685,"Konstanze","Konstanze@google.com",True
1686,"Warner","Warner@google.com",False
1687,"Cecily","Cecily@google.com",True
1688,"Clemmy","Clemmy@google.com",False
1689,"Godfry","Godfry@google.com",True
1690,"Theo","Theo@google.com",False
1691,"Loise","Loise@google.com",True
1692,"Stanford","Stanford@google.com",False
1693,"Alta","Alta@google.com",True
1694,"Sisile","Sisile@google.com",False
1695,"Jeniffer","Jeniffer@google.com",True
1696,"Katleen","Katleen@google.com",False
1697,"Mortimer","Mortimer@google.com",True
1698,"Binky","Binky@google.com",False
1699,"Jakob","Jakob@google.com",True
1700,"Vi","Vi@google.com",False
1701,"Brion","Brion@google.com",True
1702,"Edan","Edan@google.com",False
1703,"Junina","Junina@google.com",True
1704,"Ive","Ive@google.com",False
1705,"Karon","Karon@google.com",True
1706,"Noellyn","Noellyn@google.com",False
1707,"Ned","Ned@google.com",True
1708,"Devon","Devon@google.com",False
1709,"Hadrian","Hadrian@google.com",True
1710,"Worth","Worth@google.com",False
1711,"Bealle","Bealle@google.com",True
1712,"Kelley","Kelley@google.com",False
1713,"Leann","Leann@google.com",True
1714,"Dorene","Dorene@google.com",False
1715,"Christian","Christian@google.com",True
1716,"Mella","Mella@google.com",False
1717,"Vergil","Vergil@google.com",True
1718,"Thoma","Thoma@google.com",False
1719,"Carce","Carce@google.com",True
1720,"Olav","Olav@google.com",False
1721,"Lorry","Lorry@google.com",True
1722,"Maureene","Maureene@google.com",False
1723,"Thain","Thain@google.com",True
1724,"Lishe","Lishe@google.com",False
1725,"Stearn","Stearn@google.com",True
1726,"Vonnie","Vonnie@google.com",False
1727,"Lil","Lil@google.com",True
1728,"Desdemona","Desdemona@google.com",False
1729,"Nessy","Nessy@google.com",True
1730,"Suzette","Suzette@google.com",False
1731,"Alena","Alena@google.com",True
1732,"Olivier","Olivier@google.com",False
1733,"Arlinda","Arlinda@google.com",True
1734,"Juieta","Juieta@google.com",False
1735,"Bonnee","Bonnee@google.com",True
1736,"Helge","Helge@google.com",False
1737,"Natalina","Natalina@google.com",True
1738,"Koren","Koren@google.com",False
1739,"Lance","Lance@google.com",True
1740,"Sally","Sally@google.com",False
1741,"Abel","Abel@google.com",True
1742,"Findlay","Findlay@google.com",False
1743,"Vladimir","Vladimir@google.com",True
1744,"Chelsie","Chelsie@google.com",False
1745,"Lionello","Lionello@google.com",True
1746,"Loria","Loria@google.com",False
1747,"Eamon","Eamon@google.com",True
1748,"Roderic","Roderic@google.com",False
1749,"Katlin","Katlin@google.com",True
1750,"Lynna","Lynna@google.com",False
1751,"Bay","Bay@google.com",True
1752,"Worth","Worth@google.com",False
1753,"Conway","Conway@google.com",True
1754,"Dasya","Dasya@google.com",False
1755,"Chryste","Chryste@google.com",True
1756,"Arvie","Arvie@google.com",False
1757,"Vera","Vera@google.com",True
1758,"Zacharia","Zacharia@google.com",False
1759,"Patsy","Patsy@google.com",True
1760,"Janenna","Janenna@google.com",False
1761,"Minta","Minta@google.com",True
1762,"Clemmie","Clemmie@google.com",False
1763,"Burt","Burt@google.com",True
1764,"Sibley","Sibley@google.com",False
1765,"Loree","Loree@google.com",True
1766,"Sela","Sela@google.com",False
1767,"Pam","Pam@google.com",True
1768,"Olive","Olive@google.com",False
1769,"Reena","Reena@google.com",True
1770,"Sigismundo","Sigismundo@google.com",False
1771,"Gavin","Gavin@google.com",True
1772,"Augustina","Augustina@google.com",False
1773,"Tana","Tana@google.com",True
1774,"Rachael","Rachael@google.com",False
1775,"Shawn","Shawn@google.com",True
1776,"Abrahan","Abrahan@google.com",False
1777,"Andree","Andree@google.com",True
1778,"Blair","Blair@google.com",False
1779,"Laurella","Laurella@google.com",True
1780,"Lenore","Lenore@google.com",False
1781,"Kaleb","Kaleb@google.com",True
1782,"Morris","Morris@google.com",False
1783,"Obediah","Obediah@google.com",True
1784,"Rupert","Rupert@google.com",False
1785,"Charlean","Charlean@google.com",True
1786,"Eada","Eada@google.com",False
1787,"Rennie","Rennie@google.com",True
1788,"Cathrine","Cathrine@google.com",False
1789,"Conny","Conny@google.com",True
1790,"Erin","Erin@google.com",False
1791,"Yolande","Yolande@google.com",True
1792,"Tymon","Tymon@google.com",False
1793,"Debera","Debera@google.com",True
1794,"Bev","Bev@google.com",False
1795,"Roselia","Roselia@google.com",True
1796,"Jody","Jody@google.com",False
1797,"Danette","Danette@google.com",True
1798,"Emilee","Emilee@google.com",False
1799,"Karola","Karola@google.com",True
1800,"Bert","Bert@google.com",False
1801,"Quincey","Quincey@google.com",True
1802,"Sarah","Sarah@google.com",False
1803,"Hildegaard","Hildegaard@google.com",True
1804,"Tiebold","Tiebold@google.com",False
1805,"Oswald","Oswald@google.com",True
1806,"Corny","Corny@google.com",False
1807,"Bibbye","Bibbye@google.com",True
1808,"Luci","Luci@google.com",False
1809,"Sax","Sax@google.com",True
1810,"Karee","Karee@google.com",False
1811,"Paton","Paton@google.com",True
1812,"Hakeem","Hakeem@google.com",False
1813,"Valry","Valry@google.com",True
1814,"Gay","Gay@google.com",False
1815,"Aloysius","Aloysius@google.com",True
1816,"Sibelle","Sibelle@google.com",False
1817,"Lorelei","Lorelei@google.com",True
1818,"Nollie","Nollie@google.com",False
1819,"Fonsie","Fonsie@google.com",True
1820,"Vale","Vale@google.com",False
1821,"Shani","Shani@google.com",True
1822,"Joshua","Joshua@google.com",False
1823,"Carolann","Carolann@google.com",True
1824,"Miner","Miner@google.com",False
1825,"Pail","Pail@google.com",True
1826,"Alfi","Alfi@google.com",False
1827,"Dulcy","Dulcy@google.com",True
1828,"Clementius","Clementius@google.com",False
1829,"Doralyn","Doralyn@google.com",True
1830,"Kenny","Kenny@google.com",False
1831,"Der","Der@google.com",True
1832,"Isis","Isis@google.com",False
1833,"Iosep","Iosep@google.com",True
1834,"Dorette","Dorette@google.com",False
1835,"Adelheid","Adelheid@google.com",True
1836,"Nerissa","Nerissa@google.com",False
1837,"Julius","Julius@google.com",True
1838,"Natalee","Natalee@google.com",False
1839,"Eleen","Eleen@google.com",True
1840,"Gasparo","Gasparo@google.com",False
1841,"Beilul","Beilul@google.com",True
1842,"Theresita","Theresita@google.com",False
1843,"Hort","Hort@google.com",True
1844,"Carlen","Carlen@google.com",False
1845,"Rocky","Rocky@google.com",True
1846,"Estell","Estell@google.com",False
1847,"Karalee","Karalee@google.com",True
1848,"Gregory","Gregory@google.com",False
1849,"Esma","Esma@google.com",True
1850,"Murielle","Murielle@google.com",False
1851,"Burty","Burty@google.com",True
1852,"Jeff","Jeff@google.com",False
1853,"Nissa","Nissa@google.com",True
1854,"Ruby","Ruby@google.com",False
1855,"Lianne","Lianne@google.com",True
1856,"Gaven","Gaven@google.com",False
1857,"York","York@google.com",True
1858,"Abraham","Abraham@google.com",False
1859,"Halsey","Halsey@google.com",True
1860,"Evania","Evania@google.com",False
1861,"Boone","Boone@google.com",True
1862,"Engracia","Engracia@google.com",False
1863,"Marve","Marve@google.com",True
1864,"Gertrud","Gertrud@google.com",False
1865,"Athena","Athena@google.com",True
1866,"Norah","Norah@google.com",False
1867,"Kenna","Kenna@google.com",True
1868,"Colin","Colin@google.com",False
1869,"Drusi","Drusi@google.com",True
1870,"Clarabelle","Clarabelle@google.com",False
1871,"Adara","Adara@google.com",True
1872,"Maxie","Maxie@google.com",False
1873,"Adelheid","Adelheid@google.com",True
1874,"Evonne","Evonne@google.com",False
1875,"Blair","Blair@google.com",True
1876,"Zita","Zita@google.com",False
1877,"Jeni","Jeni@google.com",True
1878,"Lynnet","Lynnet@google.com",False
1879,"Patrice","Patrice@google.com",True
1880,"Gertrud","Gertrud@google.com",False
1881,"Laural","Laural@google.com",True
1882,"Nil","Nil@google.com",False
1883,"Archaimbaud","Archaimbaud@google.com",True
1884,"Barnebas","Barnebas@google.com",False
1885,"Murial","Murial@google.com",True
1886,"Winnie","Winnie@google.com",False
1887,"Carlene","Carlene@google.com",True
1888,"Therese","Therese@google.com",False
1889,"Buckie","Buckie@google.com",True
1890,"Hal","Hal@google.com",False
1891,"Ailene","Ailene@google.com",True
1892,"Nikolai","Nikolai@google.com",False
1893,"Kala","Kala@google.com",True
1894,"Eilis","Eilis@google.com",False
1895,"Mara","Mara@google.com",True
1896,"Eldridge","Eldridge@google.com",False
1897,"Monti","Monti@google.com",True
1898,"Hillary","Hillary@google.com",False
1899,"Bone","Bone@google.com",True
1900,"Carly","Carly@google.com",False
1901,"Barron","Barron@google.com",True
1902,"Arline","Arline@google.com",False
1903,"Omero","Omero@google.com",True
1904,"Garrick","Garrick@google.com",False
1905,"Urbanus","Urbanus@google.com",True
1906,"Birch","Birch@google.com",False
1907,"Casper","Casper@google.com",True
1908,"Nissa","Nissa@google.com",False
1909,"Hollyanne","Hollyanne@google.com",True
1910,"Merrel","Merrel@google.com",False
1911,"Thurstan","Thurstan@google.com",True
1912,"Tabatha","Tabatha@google.com",False
1913,"Janice","Janice@google.com",True
1914,"Nappie","Nappie@google.com",False
1915,"Jessie","Jessie@google.com",True
1916,"Crystie","Crystie@google.com",False
1917,"Aggi","Aggi@google.com",True
1918,"Thomasine","Thomasine@google.com",False
1919,"Myranda","Myranda@google.com",True
1920,"Chevalier","Chevalier@google.com",False
1921,"Aubrie","Aubrie@google.com",True
1922,"Ryley","Ryley@google.com",False
1923,"Kyla","Kyla@google.com",True
1924,"Sarita","Sarita@google.com",False
1925,"Crissie","Crissie@google.com",True
1926,"Evelyn","Evelyn@google.com",False
1927,"Dilan","Dilan@google.com",True
1928,"Zechariah","Zechariah@google.com",False
1929,"Fredek","Fredek@google.com",True
1930,"Doralin","Doralin@google.com",False
1931,"Arney","Arney@google.com",True
1932,"Veronica","Veronica@google.com",False
1933,"Libbey","Libbey@google.com",True
1934,"Sig","Sig@google.com",False
1935,"Wilton","Wilton@google.com",True
1936,"Salomone","Salomone@google.com",False
1937,"Lucias","Lucias@google.com",True
1938,"Rosmunda","Rosmunda@google.com",False
1939,"Gardner","Gardner@google.com",True
1940,"Christye","Christye@google.com",False
1941,"Merill","Merill@google.com",True
1942,"Dugald","Dugald@google.com",False
1943,"Spenser","Spenser@google.com",True
1944,"Lindsey","Lindsey@google.com",False
1945,"Lisa","Lisa@google.com",True
1946,"Juliette","Juliette@google.com",False
1947,"Drew","Drew@google.com",True
1948,"Tommi","Tommi@google.com",False
1949,"Dulcinea","Dulcinea@google.com",True
1950,"Granthem","Granthem@google.com",False
1951,"Cart","Cart@google.com",True
1952,"Christabella","Christabella@google.com",False
1953,"Marlo","Marlo@google.com",True
1954,"Theresa","Theresa@google.com",False
1955,"Kinna","Kinna@google.com",True
1956,"Orsola","Orsola@google.com",False
1957,"Eldon","Eldon@google.com",True
1958,"Rickie","Rickie@google.com",False
1959,"Lilah","Lilah@google.com",True
1960,"Chelsey","Chelsey@google.com",False
1961,"Barry","Barry@google.com",True
1962,"Westbrook","Westbrook@google.com",False
1963,"Thorin","Thorin@google.com",True
1964,"Bonnibelle","Bonnibelle@google.com",False
1965,"Annaliese","Annaliese@google.com",True
1966,"Cullen","Cullen@google.com",False
1967,"Elbert","Elbert@google.com",True
1968,"Tiffani","Tiffani@google.com",False
1969,"Tanitansy","Tanitansy@google.com",True
1970,"Worthington","Worthington@google.com",False
1971,"Tristam","Tristam@google.com",True
1972,"Birgit","Birgit@google.com",False
1973,"Archy","Archy@google.com",True
1974,"Zsazsa","Zsazsa@google.com",False
1975,"Celie","Celie@google.com",True
1976,"Joy","Joy@google.com",False
1977,"Marion","Marion@google.com",True
1978,"Jedidiah","Jedidiah@google.com",False
1979,"Lynnelle","Lynnelle@google.com",True
1980,"Vivien","Vivien@google.com",False
1981,"Hermie","Hermie@google.com",True
1982,"Twyla","Twyla@google.com",False
1983,"Nickie","Nickie@google.com",True
1984,"Hayden","Hayden@google.com",False
1985,"Aloise","Aloise@google.com",True
1986,"Midge","Midge@google.com",False
1987,"Eli","Eli@google.com",True
1988,"Phillipe","Phillipe@google.com",False
1989,"Reginauld","Reginauld@google.com",True
1990,"Marge","Marge@google.com",False
1991,"Daron","Daron@google.com",True
1992,"Erl","Erl@google.com",False
1993,"Christie","Christie@google.com",True
1994,"Dody","Dody@google.com",False
1995,"Hedy","Hedy@google.com",True
1996,"Anne-corinne","Anne-corinne@google.com",False
1997,"Karlyn","Karlyn@google.com",True
1998,"Jo","Jo@google.com",False
1999,"Bear","Bear@google.com",True
